                  epoch,         train/box_loss,         train/cls_loss,         train/dfl_loss,   metrics/precision(B),      metrics/recall(B),       metrics/mAP50(B),    metrics/mAP50-95(B),           val/box_loss,           val/cls_loss,           val/dfl_loss,                 lr/pg0,                 lr/pg1,                 lr/pg2
                      1,                 2.2642,                 2.3588,                 1.7192,                0.43118,                0.38718,                 0.3502,                0.12911,                 2.0815,                  2.079,                  1.683,               0.070121,              0.0033199,              0.0033199
                      2,                 1.8796,                 1.5458,                 1.4357,                0.48089,                0.38572,                0.36239,                0.13953,                 2.1114,                  1.852,                 1.5559,               0.040088,              0.0066203,              0.0066203
                      3,                 1.8584,                  1.441,                 1.3668,                0.23675,                 0.2152,                 0.1246,                0.03975,                 3.0963,                 3.0618,                 2.4908,               0.010022,              0.0098877,              0.0098877
                      4,                 1.8434,                 1.3695,                 1.3498,                0.61014,                0.43903,                0.47261,                0.19785,                 2.1331,                 1.8453,                 1.5884,              0.0098515,              0.0098515,              0.0098515
                      5,                 1.7749,                 1.2542,                 1.3138,                0.60276,                0.45147,                0.49171,                0.20642,                 2.1265,                 1.7382,                 1.5161,               0.009802,               0.009802,               0.009802
                      6,                 1.7174,                 1.1704,                 1.2813,                0.72605,                0.61115,                0.66635,                  0.322,                 1.8114,                 1.7989,                 1.4262,              0.0097525,              0.0097525,              0.0097525
                      7,                 1.6729,                 1.1155,                 1.2596,                0.74795,                0.64417,                 0.7083,                0.32205,                 1.9728,                 1.1845,                  1.534,               0.009703,               0.009703,               0.009703
                      8,                 1.6318,                 1.0663,                 1.2374,                0.80484,                0.69025,                0.77775,                0.40953,                 1.6305,                   1.06,                 1.2675,              0.0096535,              0.0096535,              0.0096535
                      9,                 1.6108,                 1.0416,                 1.2289,                0.86126,                0.77872,                0.86322,                0.46761,                 1.5637,                 0.9449,                 1.2318,               0.009604,               0.009604,               0.009604
                     10,                 1.5909,                  1.018,                 1.2167,                0.82301,                0.71434,                0.79414,                0.41755,                 1.6328,                 1.1418,                 1.2537,              0.0095545,              0.0095545,              0.0095545
                     11,                 1.5722,                0.99668,                 1.2047,                0.66291,                0.53747,                0.52492,                 0.2421,                 1.9728,                 1.3741,                 1.5143,               0.009505,               0.009505,               0.009505
                     12,                 1.5644,                0.98284,                 1.1997,                0.88666,                0.75767,                0.85613,                0.47248,                 1.5491,                 0.8825,                 1.2266,              0.0094555,              0.0094555,              0.0094555
                     13,                 1.5392,                0.95162,                 1.1868,                0.82504,                0.73221,                0.80979,                0.42644,                 1.6131,                0.99357,                 1.2462,               0.009406,               0.009406,               0.009406
                     14,                 1.5256,                0.93764,                 1.1817,                0.68812,                0.53421,                0.54929,                0.27641,                 1.9628,                 1.4298,                   1.52,              0.0093565,              0.0093565,              0.0093565
                     15,                 1.5241,                0.93033,                 1.1778,                0.84486,                0.73492,                0.81778,                0.45289,                 1.5519,                0.91254,                 1.2246,               0.009307,               0.009307,               0.009307
                     16,                  1.499,                0.91257,                 1.1658,                0.88134,                0.81757,                 0.8936,                0.50781,                 1.4773,                0.82919,                 1.1757,              0.0092575,              0.0092575,              0.0092575
                     17,                 1.4935,                0.91234,                 1.1646,                0.88703,                0.81946,                0.89852,                0.51193,                  1.478,                0.79042,                 1.1648,               0.009208,               0.009208,               0.009208
                     18,                  1.483,                 0.8938,                 1.1602,                0.88222,                0.79775,                0.88547,                0.51078,                 1.4628,                0.81852,                 1.1564,              0.0091585,              0.0091585,              0.0091585
                     19,                 1.4826,                0.89041,                 1.1573,                0.90089,                0.84575,                0.91463,                0.54264,                 1.4051,                 0.7495,                 1.1255,               0.009109,               0.009109,               0.009109
                     20,                 1.4722,                 0.8762,                 1.1548,                0.88025,                0.77124,                0.86226,                0.50067,                 1.4591,                0.83384,                 1.1554,              0.0090595,              0.0090595,              0.0090595
                     21,                 1.4679,                0.87702,                   1.15,                0.90803,                0.83907,                0.92075,                0.55189,                 1.3913,                0.72472,                   1.12,                0.00901,                0.00901,                0.00901
                     22,                 1.4584,                0.86861,                 1.1464,                0.90073,                0.83615,                0.91356,                0.55268,                 1.3613,                0.74763,                 1.1132,              0.0089605,              0.0089605,              0.0089605
                     23,                 1.4574,                0.86059,                 1.1435,                0.83455,                0.77019,                0.81723,                0.48155,                 1.4897,                0.83433,                 1.1902,               0.008911,               0.008911,               0.008911
                     24,                 1.4468,                0.85779,                 1.1403,                0.90532,                0.85076,                0.92018,                 0.5632,                 1.3579,                0.71638,                 1.1059,              0.0088615,              0.0088615,              0.0088615
                     25,                 1.4406,                0.84796,                 1.1378,                 0.9106,                0.84972,                0.92339,                0.55922,                 1.3885,                0.71147,                 1.1163,               0.008812,               0.008812,               0.008812
                     26,                 1.4358,                 0.8432,                 1.1329,                0.91998,                 0.8589,                0.93373,                0.57093,                 1.3634,                 0.6878,                 1.1094,              0.0087625,              0.0087625,              0.0087625
                     27,                 1.4286,                 0.8389,                 1.1321,                0.91841,                0.86475,                0.93044,                0.57835,                  1.332,                0.67856,                 1.0898,               0.008713,               0.008713,               0.008713
                     28,                 1.4252,                0.83435,                 1.1291,                0.92392,                0.86558,                0.93498,                0.58918,                 1.3037,                0.66724,                 1.0852,              0.0086635,              0.0086635,              0.0086635
                     29,                 1.4217,                0.83151,                 1.1276,                0.91057,                0.87555,                0.94079,                0.58808,                 1.3189,                0.66206,                 1.0843,               0.008614,               0.008614,               0.008614
                     30,                 1.4114,                 0.8247,                 1.1213,                0.91611,                0.87526,                 0.9376,                 0.5735,                 1.3634,                0.67049,                 1.1035,              0.0085645,              0.0085645,              0.0085645
                     31,                 1.4074,                0.81969,                 1.1183,                 0.9139,                0.88841,                0.94228,                0.59521,                 1.3003,                0.64171,                 1.0728,               0.008515,               0.008515,               0.008515
                     32,                 1.4092,                0.81758,                  1.119,                0.92477,                0.87755,                0.94225,                0.59517,                 1.2962,                0.64575,                 1.0742,              0.0084655,              0.0084655,              0.0084655
                     33,                 1.4028,                0.81623,                 1.1192,                0.91757,                0.87936,                0.94258,                0.59248,                 1.3152,                0.64243,                 1.0826,               0.008416,               0.008416,               0.008416
                     34,                 1.3963,                0.81175,                 1.1157,                0.91969,                0.87977,                0.94196,                0.59201,                 1.3136,                0.64337,                 1.0809,              0.0083665,              0.0083665,              0.0083665
                     35,                 1.3934,                0.80752,                 1.1128,                0.91385,                0.89005,                  0.945,                0.59881,                  1.303,                0.63546,                 1.0745,               0.008317,               0.008317,               0.008317
                     36,                 1.3881,                0.80026,                 1.1112,                0.91335,                0.86725,                0.93397,                0.57994,                 1.3328,                0.65581,                 1.0931,              0.0082675,              0.0082675,              0.0082675
                     37,                 1.3853,                0.79937,                 1.1122,                0.93317,                0.88315,                0.94989,                0.61343,                 1.2668,                0.61637,                  1.065,               0.008218,               0.008218,               0.008218
                     38,                 1.3786,                0.79543,                 1.1081,                0.92245,                 0.8804,                0.94384,                0.59829,                 1.3042,                0.63272,                 1.0807,              0.0081685,              0.0081685,              0.0081685
                     39,                 1.3769,                0.79391,                 1.1068,                0.92951,                0.88897,                0.95153,                0.61679,                 1.2604,                0.61309,                 1.0564,               0.008119,               0.008119,               0.008119
                     40,                 1.3739,                0.78618,                 1.1067,                0.91925,                0.89339,                0.95111,                0.61297,                 1.2643,                0.61398,                 1.0603,              0.0080695,              0.0080695,              0.0080695
                     41,                 1.3677,                0.78814,                 1.1059,                0.93197,                0.88499,                0.95091,                0.61708,                 1.2611,                 0.6034,                 1.0555,                0.00802,                0.00802,                0.00802
                     42,                 1.3695,                 0.7811,                 1.1043,                0.92056,                0.89919,                0.95089,                0.61737,                 1.2506,                0.59905,                 1.0559,              0.0079705,              0.0079705,              0.0079705
                     43,                 1.3641,                0.77875,                 1.1019,                0.92243,                0.89689,                0.95103,                0.61943,                 1.2451,                0.59977,                 1.0527,               0.007921,               0.007921,               0.007921
                     44,                 1.3639,                0.77586,                 1.1019,                 0.9239,                0.89334,                0.95254,                0.61709,                 1.2542,                0.59816,                 1.0559,              0.0078715,              0.0078715,              0.0078715
                     45,                 1.3649,                0.78373,                 1.1039,                0.92127,                0.89387,                0.95094,                0.61616,                 1.2524,                0.59691,                 1.0552,               0.007822,               0.007822,               0.007822
                     46,                 1.3551,                0.77118,                 1.0988,                  0.928,                0.89689,                0.95406,                0.62362,                 1.2418,                0.58943,                 1.0488,              0.0077725,              0.0077725,              0.0077725
                     47,                 1.3599,                0.77759,                 1.0983,                0.92315,                0.90106,                0.95393,                0.62352,                 1.2446,                0.59136,                 1.0487,               0.007723,               0.007723,               0.007723
                     48,                 1.3531,                0.76807,                  1.096,                 0.9214,                0.90291,                0.95391,                  0.621,                  1.251,                0.59277,                 1.0502,              0.0076735,              0.0076735,              0.0076735
                     49,                 1.3468,                0.76525,                 1.0939,                0.92454,                0.90211,                0.95484,                0.62427,                  1.237,                0.58977,                 1.0455,               0.007624,               0.007624,               0.007624
                     50,                 1.3499,                0.76956,                  1.096,                0.92915,                 0.8978,                0.95643,                0.62374,                 1.2369,                 0.5865,                 1.0455,              0.0075745,              0.0075745,              0.0075745
                     51,                 1.3446,                0.76359,                 1.0926,                0.92437,                 0.9019,                0.95636,                0.62499,                 1.2318,                0.58535,                 1.0422,               0.007525,               0.007525,               0.007525
                     52,                 1.3399,                0.76314,                 1.0922,                0.93005,                0.90189,                0.95599,                  0.625,                 1.2288,                0.58392,                 1.0397,              0.0074755,              0.0074755,              0.0074755
                     53,                 1.3357,                0.75862,                 1.0914,                0.93298,                0.89898,                0.95628,                0.62782,                 1.2254,                0.57984,                 1.0387,               0.007426,               0.007426,               0.007426
                     54,                 1.3355,                0.75668,                 1.0915,                0.93563,                0.90111,                0.95579,                0.63109,                 1.2206,                0.57638,                 1.0369,              0.0073765,              0.0073765,              0.0073765
                     55,                 1.3359,                0.75395,                 1.0887,                0.93651,                0.89895,                0.95752,                0.63293,                 1.2185,                0.57497,                 1.0367,               0.007327,               0.007327,               0.007327
                     56,                 1.3312,                0.74949,                 1.0824,                0.93065,                0.90194,                0.95767,                0.63563,                 1.2134,                0.57081,                 1.0337,              0.0072775,              0.0072775,              0.0072775
                     57,                 1.3317,                0.75242,                 1.0886,                0.93142,                0.90127,                0.95829,                0.63513,                 1.2123,                0.57002,                 1.0339,               0.007228,               0.007228,               0.007228
                     58,                  1.327,                0.74751,                 1.0848,                0.92593,                  0.908,                0.95802,                0.63608,                 1.2109,                0.56986,                 1.0324,              0.0071785,              0.0071785,              0.0071785
                     59,                 1.3229,                0.74474,                 1.0856,                0.92659,                0.90753,                0.95836,                0.63727,                 1.2091,                0.56827,                 1.0316,               0.007129,               0.007129,               0.007129
                     60,                 1.3182,                0.74637,                 1.0834,                0.93385,                0.90232,                0.95791,                0.63806,                 1.2053,                0.56637,                 1.0306,              0.0070795,              0.0070795,              0.0070795
                     61,                 1.3196,                0.74282,                 1.0823,                0.92803,                0.90566,                0.95782,                0.63853,                 1.2038,                0.56567,                 1.0298,                0.00703,                0.00703,                0.00703
                     62,                 1.3211,                0.74109,                 1.0817,                0.92745,                 0.9067,                0.95923,                0.63939,                 1.2006,                0.56397,                 1.0287,              0.0069805,              0.0069805,              0.0069805
                     63,                 1.3204,                0.74509,                 1.0815,                0.92938,                0.90816,                0.95974,                0.63956,                  1.201,                0.56362,                  1.029,               0.006931,               0.006931,               0.006931
                     64,                 1.3122,                 0.7387,                 1.0799,                0.93077,                0.90566,                0.95939,                0.64118,                 1.1983,                0.56261,                 1.0279,              0.0068815,              0.0068815,              0.0068815
                     65,                 1.3131,                0.73689,                 1.0795,                 0.9328,                 0.9042,                0.95931,                0.64131,                 1.1977,                0.56215,                 1.0284,               0.006832,               0.006832,               0.006832
                     66,                 1.3041,                0.73372,                 1.0738,                0.93292,                0.90563,                0.95971,                0.64096,                 1.1974,                0.56115,                  1.028,              0.0067825,              0.0067825,              0.0067825
                     67,                 1.3085,                0.73133,                 1.0785,                0.93079,                0.90753,                0.96049,                0.64077,                 1.1973,                0.55997,                 1.0282,               0.006733,               0.006733,               0.006733
                     68,                 1.3084,                0.72913,                 1.0807,                0.92986,                0.90795,                0.96101,                0.64152,                 1.1958,                0.55848,                 1.0279,              0.0066835,              0.0066835,              0.0066835
                     69,                 1.3087,                0.73131,                 1.0767,                0.93149,                0.90816,                0.96112,                0.64211,                 1.1953,                0.55742,                 1.0278,               0.006634,               0.006634,               0.006634
                     70,                 1.3032,                0.72792,                 1.0742,                0.93295,                0.90566,                0.96075,                0.64189,                 1.1948,                0.55656,                 1.0275,              0.0065845,              0.0065845,              0.0065845
                     71,                 1.3076,                0.72961,                 1.0773,                0.93273,                0.90589,                0.96115,                0.64312,                 1.1931,                 0.5557,                 1.0269,               0.006535,               0.006535,               0.006535
                     72,                 1.3006,                 0.7231,                  1.072,                0.93834,                0.90213,                 0.9611,                0.64326,                 1.1927,                0.55474,                 1.0265,              0.0064855,              0.0064855,              0.0064855
                     73,                 1.2969,                0.72481,                 1.0708,                0.93662,                0.90482,                0.96158,                0.64337,                 1.1935,                0.55447,                 1.0268,               0.006436,               0.006436,               0.006436
                     74,                 1.2927,                0.72027,                 1.0698,                0.93578,                0.90503,                0.96169,                0.64426,                 1.1927,                0.55351,                 1.0263,              0.0063865,              0.0063865,              0.0063865
                     75,                 1.2936,                0.72122,                 1.0713,                 0.9368,                0.90344,                0.96164,                0.64465,                 1.1923,                 0.5528,                 1.0262,               0.006337,               0.006337,               0.006337
                     76,                 1.2928,                0.72048,                 1.0677,                0.93697,                0.90524,                0.96191,                0.64478,                 1.1918,                0.55219,                 1.0259,              0.0062875,              0.0062875,              0.0062875
                     77,                 1.2833,                0.71323,                 1.0672,                0.93654,                0.90566,                0.96193,                 0.6461,                 1.1904,                0.55147,                 1.0253,               0.006238,               0.006238,               0.006238
                     78,                 1.2917,                0.71833,                 1.0698,                0.93735,                0.90561,                0.96194,                0.64651,                 1.1895,                0.55089,                 1.0248,              0.0061885,              0.0061885,              0.0061885
                     79,                 1.2893,                 0.7146,                 1.0681,                0.93814,                0.90535,                0.96212,                0.64705,                 1.1888,                 0.5504,                 1.0244,               0.006139,               0.006139,               0.006139
                     80,                 1.2875,                0.71598,                 1.0689,                0.93775,                0.90555,                0.96225,                0.64725,                 1.1876,                0.54959,                 1.0238,              0.0060895,              0.0060895,              0.0060895
                     81,                 1.2823,                0.71543,                 1.0656,                0.93755,                0.90558,                0.96217,                0.64757,                 1.1861,                0.54894,                 1.0232,                0.00604,                0.00604,                0.00604
                     82,                 1.2732,                0.71033,                  1.064,                0.93859,                0.90605,                0.96221,                0.64786,                  1.185,                0.54839,                 1.0228,              0.0059905,              0.0059905,              0.0059905
                     83,                 1.2865,                0.71155,                 1.0675,                0.93914,                 0.9067,                0.96307,                0.64813,                 1.1839,                0.54788,                 1.0223,               0.005941,               0.005941,               0.005941
                     84,                 1.2707,                0.70327,                 1.0607,                0.93876,                0.90691,                0.96312,                0.64868,                 1.1833,                0.54764,                  1.022,              0.0058915,              0.0058915,              0.0058915
                     85,                 1.2748,                0.70372,                 1.0636,                0.93769,                0.90774,                0.96325,                0.64908,                 1.1828,                0.54717,                 1.0216,               0.005842,               0.005842,               0.005842
                     86,                 1.2755,                0.70774,                 1.0608,                0.93767,                0.90879,                0.96365,                0.64927,                 1.1823,                0.54675,                 1.0213,              0.0057925,              0.0057925,              0.0057925
                     87,                 1.2692,                0.70071,                 1.0601,                0.93799,                0.90858,                0.96341,                0.64996,                 1.1812,                0.54612,                  1.021,               0.005743,               0.005743,               0.005743
                     88,                 1.2794,                0.70692,                 1.0636,                0.93918,                0.90753,                0.96343,                   0.65,                 1.1805,                0.54561,                 1.0207,              0.0056935,              0.0056935,              0.0056935
                     89,                 1.2736,                0.70461,                 1.0635,                0.93771,                0.90941,                0.96364,                0.65019,                 1.1793,                0.54496,                 1.0201,               0.005644,               0.005644,               0.005644
                     90,                 1.2741,                0.70689,                 1.0633,                  0.938,                0.90948,                0.96405,                0.65043,                 1.1786,                0.54423,                 1.0198,              0.0055945,              0.0055945,              0.0055945
                     91,                 1.2643,                0.69775,                 1.0595,                0.93968,                 0.9092,                0.96356,                0.65054,                 1.1783,                0.54362,                 1.0196,               0.005545,               0.005545,               0.005545
                     92,                 1.2691,                0.70044,                 1.0601,                0.93858,                  0.909,                0.96364,                0.65095,                 1.1775,                0.54331,                 1.0191,              0.0054955,              0.0054955,              0.0054955
                     93,                 1.2644,                0.69749,                 1.0592,                0.93803,                0.91067,                 0.9634,                 0.6508,                 1.1771,                  0.543,                 1.0188,               0.005446,               0.005446,               0.005446
                     94,                 1.2608,                0.69383,                 1.0571,                0.94051,                0.90941,                0.96374,                 0.6517,                  1.176,                0.54242,                 1.0183,              0.0053965,              0.0053965,              0.0053965
                     95,                 1.2597,                0.69292,                 1.0572,                0.94066,                0.90983,                0.96382,                0.65228,                 1.1752,                 0.5419,                 1.0179,               0.005347,               0.005347,               0.005347
                     96,                 1.2645,                0.69496,                 1.0598,                0.93828,                0.91072,                0.96387,                0.65245,                 1.1744,                0.54138,                 1.0175,              0.0052975,              0.0052975,              0.0052975
                     97,                 1.2574,                0.69453,                 1.0571,                0.93891,                0.91338,                0.96446,                0.65327,                 1.1737,                0.54089,                 1.0171,               0.005248,               0.005248,               0.005248
                     98,                  1.252,                 0.6895,                 1.0564,                0.93963,                0.91293,                0.96438,                0.65347,                 1.1731,                0.54019,                 1.0168,              0.0051985,              0.0051985,              0.0051985
                     99,                 1.2634,                0.69401,                 1.0594,                0.93737,                0.91505,                0.96447,                0.65377,                 1.1723,                0.53962,                 1.0165,               0.005149,               0.005149,               0.005149
                    100,                 1.2533,                0.68628,                 1.0539,                0.93781,                0.91442,                0.96431,                  0.654,                 1.1715,                0.53908,                 1.0162,              0.0050995,              0.0050995,              0.0050995
                    101,                 1.2532,                0.68916,                 1.0547,                0.93957,                0.91234,                0.96449,                0.65425,                 1.1709,                0.53847,                 1.0158,                0.00505,                0.00505,                0.00505
                    102,                 1.2532,                0.68743,                 1.0551,                0.93886,                0.91354,                0.96449,                0.65465,                 1.1703,                0.53787,                 1.0155,              0.0050005,              0.0050005,              0.0050005
                    103,                 1.2554,                0.68714,                 1.0529,                0.93804,                0.91325,                0.96457,                0.65504,                 1.1695,                0.53741,                  1.015,               0.004951,               0.004951,               0.004951
                    104,                 1.2501,                 0.6867,                 1.0522,                0.93977,                0.91275,                0.96434,                0.65476,                 1.1689,                0.53672,                 1.0147,              0.0049015,              0.0049015,              0.0049015
                    105,                 1.2479,                0.68445,                 1.0532,                0.94076,                0.91275,                0.96436,                0.65495,                 1.1683,                0.53594,                 1.0145,               0.004852,               0.004852,               0.004852
                    106,                 1.2449,                 0.6806,                 1.0528,                0.93928,                0.91401,                 0.9649,                0.65508,                 1.1676,                0.53522,                 1.0142,              0.0048025,              0.0048025,              0.0048025
                    107,                 1.2436,                0.68064,                 1.0501,                0.93948,                0.91359,                0.96435,                0.65558,                 1.1672,                0.53464,                 1.0139,               0.004753,               0.004753,               0.004753
                    108,                 1.2409,                0.67838,                  1.051,                0.93984,                0.91296,                0.96416,                0.65549,                 1.1665,                0.53406,                 1.0136,              0.0047035,              0.0047035,              0.0047035
                    109,                 1.2432,                0.67861,                 1.0495,                0.94044,                0.91254,                0.96428,                0.65569,                 1.1656,                0.53362,                 1.0131,               0.004654,               0.004654,               0.004654
                    110,                 1.2398,                0.67658,                 1.0522,                0.93942,                0.91275,                  0.964,                0.65582,                 1.1646,                0.53304,                 1.0126,              0.0046045,              0.0046045,              0.0046045
                    111,                 1.2364,                 0.6744,                  1.047,                0.94035,                0.91296,                0.96407,                0.65659,                 1.1637,                0.53245,                 1.0121,               0.004555,               0.004555,               0.004555
                    112,                 1.2426,                0.67733,                 1.0491,                0.94163,                0.91243,                0.96394,                0.65696,                 1.1631,                0.53207,                 1.0117,              0.0045055,              0.0045055,              0.0045055
                    113,                 1.2367,                0.67411,                  1.048,                0.93982,                 0.9127,                0.96401,                0.65718,                  1.162,                 0.5314,                 1.0112,               0.004456,               0.004456,               0.004456
                    114,                 1.2345,                 0.6742,                 1.0483,                0.93978,                 0.9138,                  0.964,                0.65723,                 1.1612,                  0.531,                 1.0108,              0.0044065,              0.0044065,              0.0044065
                    115,                 1.2361,                 0.6717,                 1.0456,                0.94087,                0.91326,                0.96408,                0.65779,                 1.1604,                0.53059,                 1.0104,               0.004357,               0.004357,               0.004357
                    116,                 1.2274,                0.66992,                 1.0433,                0.94119,                0.91338,                0.96426,                0.65806,                 1.1596,                0.52995,                   1.01,              0.0043075,              0.0043075,              0.0043075
                    117,                 1.2281,                0.66687,                 1.0448,                0.94092,                0.91296,                0.96427,                0.65886,                 1.1589,                0.52954,                 1.0095,               0.004258,               0.004258,               0.004258
                    118,                 1.2291,                0.66797,                 1.0435,                0.94097,                0.91338,                0.96442,                0.65941,                 1.1583,                0.52902,                 1.0091,              0.0042085,              0.0042085,              0.0042085
                    119,                 1.2262,                 0.6675,                  1.046,                0.94009,                0.91376,                0.96445,                0.65956,                 1.1578,                0.52853,                 1.0088,               0.004159,               0.004159,               0.004159
                    120,                 1.2264,                0.66402,                 1.0431,                 0.9404,                0.91421,                0.96459,                0.65978,                 1.1573,                0.52793,                 1.0086,              0.0041095,              0.0041095,              0.0041095
                    121,                  1.221,                0.66217,                 1.0396,                0.94126,                0.91442,                0.96466,                 0.6601,                  1.157,                0.52749,                 1.0083,                0.00406,                0.00406,                0.00406
                    122,                 1.2195,                0.66383,                 1.0422,                0.94051,                0.91414,                0.96454,                0.66035,                 1.1565,                0.52684,                  1.008,              0.0040105,              0.0040105,              0.0040105
                    123,                 1.2201,                0.66394,                 1.0404,                0.94088,                 0.9138,                0.96439,                0.66048,                  1.156,                0.52628,                 1.0077,               0.003961,               0.003961,               0.003961
                    124,                 1.2161,                0.65857,                 1.0404,                0.94092,                0.91442,                0.96458,                0.66029,                 1.1556,                 0.5259,                 1.0075,              0.0039115,              0.0039115,              0.0039115
                    125,                 1.2143,                0.65774,                 1.0403,                0.94092,                0.91421,                0.96465,                0.66096,                 1.1551,                0.52538,                 1.0072,               0.003862,               0.003862,               0.003862
                    126,                 1.2112,                0.65741,                 1.0387,                0.94157,                0.91421,                0.96473,                0.66134,                 1.1545,                0.52493,                 1.0069,              0.0038125,              0.0038125,              0.0038125
                    127,                 1.2105,                 0.6548,                 1.0387,                 0.9409,                0.91505,                0.96525,                0.66166,                  1.154,                0.52443,                 1.0067,               0.003763,               0.003763,               0.003763
                    128,                  1.208,                0.65604,                 1.0367,                0.94201,                0.91484,                0.96554,                0.66163,                 1.1533,                0.52396,                 1.0063,              0.0037135,              0.0037135,              0.0037135
                    129,                 1.2078,                0.65598,                 1.0362,                0.94124,                0.91484,                0.96517,                0.66204,                 1.1527,                0.52337,                  1.006,               0.003664,               0.003664,               0.003664
                    130,                 1.2108,                0.65744,                 1.0389,                0.94124,                0.91484,                 0.9654,                0.66254,                  1.152,                0.52274,                 1.0058,              0.0036145,              0.0036145,              0.0036145
                    131,                 1.2122,                0.65375,                 1.0363,                0.94237,                 0.9147,                0.96556,                0.66254,                 1.1514,                0.52231,                 1.0054,               0.003565,               0.003565,               0.003565
                    132,                 1.2035,                0.64987,                 1.0358,                0.94272,                0.91463,                0.96554,                0.66282,                 1.1512,                0.52188,                 1.0054,              0.0035155,              0.0035155,              0.0035155
                    133,                 1.2019,                0.64924,                 1.0376,                0.94261,                0.91568,                0.96592,                0.66288,                 1.1508,                0.52135,                 1.0052,               0.003466,               0.003466,               0.003466
                    134,                  1.199,                0.64958,                  1.034,                0.94206,                0.91627,                0.96675,                0.66313,                 1.1506,                0.52079,                 1.0051,              0.0034165,              0.0034165,              0.0034165
                    135,                 1.2009,                0.64798,                 1.0355,                0.94209,                0.91679,                0.96693,                 0.6631,                 1.1501,                 0.5203,                 1.0049,               0.003367,               0.003367,               0.003367
                    136,                 1.1973,                0.65045,                 1.0328,                0.94227,                0.91651,                0.96703,                0.66336,                 1.1499,                0.51978,                 1.0048,              0.0033175,              0.0033175,              0.0033175
                    137,                 1.1958,                0.64385,                 1.0318,                0.94215,                0.91609,                0.96705,                0.66357,                 1.1495,                0.51926,                 1.0045,               0.003268,               0.003268,               0.003268
                    138,                  1.195,                0.64394,                 1.0324,                0.94209,                0.91609,                0.96642,                 0.6639,                 1.1487,                0.51878,                  1.004,              0.0032185,              0.0032185,              0.0032185
                    139,                 1.2022,                 0.6477,                 1.0344,                 0.9387,                0.91755,                0.96655,                0.66383,                 1.1483,                0.51832,                 1.0038,               0.003169,               0.003169,               0.003169
                    140,                 1.1939,                0.64643,                 1.0321,                0.93804,                0.91961,                0.96718,                0.66418,                 1.1476,                0.51788,                 1.0034,              0.0031195,              0.0031195,              0.0031195
                    141,                 1.1953,                0.64473,                 1.0297,                 0.9381,                0.92056,                0.96744,                0.66398,                 1.1474,                0.51749,                 1.0032,                0.00307,                0.00307,                0.00307
                    142,                 1.1902,                0.64009,                 1.0299,                0.93646,                0.92361,                0.96762,                0.66413,                  1.147,                0.51694,                  1.003,              0.0030205,              0.0030205,              0.0030205
                    143,                  1.187,                0.64242,                 1.0304,                0.93668,                0.92215,                0.96734,                0.66452,                 1.1462,                0.51632,                 1.0026,               0.002971,               0.002971,               0.002971
                    144,                 1.1898,                0.64228,                   1.03,                 0.9363,                0.92346,                0.96738,                0.66462,                 1.1457,                0.51578,                 1.0023,              0.0029215,              0.0029215,              0.0029215
                    145,                 1.1852,                0.63796,                 1.0278,                0.93652,                0.92373,                0.96753,                0.66512,                 1.1449,                0.51527,                  1.002,               0.002872,               0.002872,               0.002872
                    146,                  1.184,                0.63733,                 1.0278,                0.93655,                 0.9242,                0.96751,                0.66507,                 1.1444,                0.51476,                 1.0017,              0.0028225,              0.0028225,              0.0028225
                    147,                 1.1812,                0.63748,                  1.028,                0.93662,                0.92541,                0.96791,                0.66595,                 1.1438,                0.51431,                 1.0014,               0.002773,               0.002773,               0.002773
                    148,                 1.1859,                0.63613,                 1.0288,                0.93683,                0.92551,                0.96798,                0.66604,                 1.1435,                0.51379,                 1.0012,              0.0027235,              0.0027235,              0.0027235
                    149,                 1.1745,                0.63112,                 1.0268,                0.93661,                0.92674,                0.96776,                0.66625,                  1.143,                0.51326,                 1.0009,               0.002674,               0.002674,               0.002674
                    150,                 1.1767,                0.63194,                 1.0249,                0.93646,                0.92632,                0.96781,                0.66647,                 1.1425,                0.51256,                 1.0006,              0.0026245,              0.0026245,              0.0026245
                    151,                  1.176,                0.63011,                 1.0244,                0.93554,                0.92674,                0.96795,                 0.6668,                 1.1422,                0.51209,                 1.0004,               0.002575,               0.002575,               0.002575
                    152,                 1.1776,                0.63029,                 1.0249,                0.93593,                0.92695,                0.96769,                0.66689,                 1.1418,                 0.5117,                 1.0001,              0.0025255,              0.0025255,              0.0025255
                    153,                 1.1744,                 0.6305,                 1.0248,                0.93439,                0.92742,                0.96796,                0.66696,                 1.1414,                0.51127,                0.99986,               0.002476,               0.002476,               0.002476
                    154,                  1.173,                0.63027,                 1.0227,                0.93486,                0.92757,                0.96799,                0.66725,                 1.1407,                0.51087,                0.99961,              0.0024265,              0.0024265,              0.0024265
                    155,                 1.1682,                0.62555,                 1.0233,                0.93405,                0.92799,                 0.9683,                0.66756,                 1.1399,                0.51053,                0.99922,               0.002377,               0.002377,               0.002377
                    156,                 1.1674,                0.62371,                 1.0211,                0.93491,                0.92736,                 0.9681,                0.66804,                 1.1393,                0.51015,                0.99894,              0.0023275,              0.0023275,              0.0023275
                    157,                 1.1623,                0.62062,                 1.0199,                0.93552,                 0.9267,                 0.9679,                0.66806,                 1.1389,                0.50989,                0.99872,               0.002278,               0.002278,               0.002278
                    158,                 1.1594,                0.61925,                 1.0212,                0.93499,                0.92653,                0.96807,                0.66839,                 1.1383,                0.50951,                0.99844,              0.0022285,              0.0022285,              0.0022285
                    159,                 1.1616,                 0.6196,                 1.0214,                0.93495,                 0.9259,                0.96799,                0.66876,                 1.1375,                0.50895,                0.99797,               0.002179,               0.002179,               0.002179
                    160,                  1.161,                0.62062,                 1.0188,                0.93544,                0.92611,                0.96815,                0.66891,                  1.137,                0.50866,                0.99762,              0.0021295,              0.0021295,              0.0021295
                    161,                 1.1575,                0.61844,                   1.02,                0.93604,                0.92556,                0.96835,                0.66924,                 1.1365,                0.50827,                0.99741,                0.00208,                0.00208,                0.00208
                    162,                 1.1581,                0.61732,                 1.0196,                0.93636,                0.92569,                0.96829,                0.66954,                 1.1361,                0.50787,                0.99716,              0.0020305,              0.0020305,              0.0020305
                    163,                 1.1527,                0.61401,                 1.0196,                0.93681,                0.92517,                0.96852,                0.66962,                 1.1356,                 0.5075,                0.99699,               0.001981,               0.001981,               0.001981
                    164,                 1.1532,                0.61577,                 1.0191,                0.93763,                0.92507,                0.96867,                0.66983,                 1.1353,                0.50717,                0.99687,              0.0019315,              0.0019315,              0.0019315
                    165,                 1.1584,                 0.6173,                 1.0189,                0.93821,                0.92549,                0.96882,                0.67019,                 1.1346,                0.50682,                0.99658,               0.001882,               0.001882,               0.001882
                    166,                 1.1555,                 0.6168,                  1.017,                0.93802,                0.92561,                0.96897,                0.67061,                 1.1341,                0.50646,                 0.9963,              0.0018325,              0.0018325,              0.0018325
                    167,                  1.148,                0.61052,                 1.0176,                0.93805,                0.92605,                0.96898,                0.67081,                 1.1337,                0.50613,                0.99606,               0.001783,               0.001783,               0.001783
                    168,                 1.1517,                0.61279,                 1.0157,                0.94011,                0.92152,                0.96892,                0.67101,                 1.1336,                0.50592,                0.99595,              0.0017335,              0.0017335,              0.0017335
                    169,                 1.1471,                0.60833,                 1.0144,                0.94038,                 0.9211,                  0.969,                 0.6713,                 1.1332,                0.50558,                 0.9957,               0.001684,               0.001684,               0.001684
                    170,                  1.143,                0.60892,                 1.0148,                0.94118,                0.92006,                  0.969,                0.67138,                 1.1327,                0.50525,                0.99545,              0.0016345,              0.0016345,              0.0016345
                    171,                 1.1414,                 0.6082,                 1.0116,                0.94212,                0.92027,                0.96921,                0.67148,                 1.1325,                  0.505,                0.99524,               0.001585,               0.001585,               0.001585
                    172,                 1.1407,                0.60629,                 1.0134,                0.94216,                0.92027,                0.96932,                0.67166,                 1.1321,                0.50472,                  0.995,              0.0015355,              0.0015355,              0.0015355
                    173,                 1.1385,                0.60394,                 1.0133,                 0.9427,                0.92035,                0.96958,                0.67138,                 1.1316,                0.50435,                 0.9947,               0.001486,               0.001486,               0.001486
                    174,                 1.1387,                0.60676,                 1.0126,                0.94412,                0.92044,                0.96967,                0.67192,                  1.131,                 0.5041,                0.99446,              0.0014365,              0.0014365,              0.0014365
                    175,                 1.1348,                0.60248,                 1.0092,                0.94422,                0.92048,                0.96968,                0.67197,                 1.1305,                0.50374,                0.99418,               0.001387,               0.001387,               0.001387
                    176,                 1.1382,                0.60567,                 1.0109,                0.94393,                0.92057,                0.96944,                0.67228,                 1.1301,                0.50338,                 0.9939,              0.0013375,              0.0013375,              0.0013375
                    177,                 1.1309,                0.59959,                 1.0093,                0.94456,                  0.921,                0.96978,                0.67274,                 1.1297,                0.50314,                 0.9937,               0.001288,               0.001288,               0.001288
                    178,                 1.1318,                0.59947,                  1.011,                0.94495,                 0.9211,                0.96995,                0.67322,                 1.1293,                0.50286,                0.99354,              0.0012385,              0.0012385,              0.0012385
                    179,                 1.1231,                0.59502,                  1.008,                0.94509,                 0.9211,                0.96991,                0.67341,                 1.1291,                0.50258,                0.99336,               0.001189,               0.001189,               0.001189
                    180,                 1.1249,                 0.5947,                  1.008,                0.94515,                0.92081,                 0.9699,                0.67381,                 1.1287,                 0.5022,                0.99316,              0.0011395,              0.0011395,              0.0011395
                    181,                 1.1289,                0.59652,                 1.0093,                0.94584,                 0.9211,                0.96983,                0.67409,                 1.1283,                0.50188,                0.99296,                0.00109,                0.00109,                0.00109
                    182,                 1.1207,                0.59259,                 1.0081,                0.94656,                0.92131,                 0.9698,                0.67396,                 1.1279,                0.50147,                0.99275,              0.0010405,              0.0010405,              0.0010405
                    183,                 1.1187,                0.59121,                 1.0056,                0.94666,                0.92152,                0.96981,                0.67433,                 1.1275,                 0.5012,                0.99251,               0.000991,               0.000991,               0.000991
                    184,                 1.1158,                0.58987,                 1.0048,                0.94703,                0.92173,                0.96984,                0.67441,                 1.1272,                0.50093,                0.99239,              0.0009415,              0.0009415,              0.0009415
                    185,                 1.1203,                0.59305,                 1.0068,                0.94701,                0.92152,                0.96989,                0.67474,                 1.1266,                0.50052,                0.99215,               0.000892,               0.000892,               0.000892
                    186,                 1.1159,                0.59139,                 1.0064,                0.94648,                 0.9211,                0.96998,                0.67502,                 1.1262,                0.50002,                0.99195,              0.0008425,              0.0008425,              0.0008425
                    187,                 1.1099,                0.58666,                 1.0036,                0.94621,                0.92152,                0.97008,                0.67545,                 1.1257,                 0.4996,                0.99177,               0.000793,               0.000793,               0.000793
                    188,                 1.1146,                 0.5881,                 1.0039,                0.94653,                0.92215,                0.97017,                 0.6754,                 1.1254,                0.49928,                0.99152,              0.0007435,              0.0007435,              0.0007435
                    189,                 1.1095,                0.58452,                 1.0038,                0.94669,                0.92235,                0.97013,                0.67552,                  1.125,                0.49892,                0.99131,               0.000694,               0.000694,               0.000694
                    190,                 1.1062,                0.58148,                 1.0012,                0.94835,                0.92048,                0.97015,                0.67549,                 1.1247,                0.49862,                0.99118,              0.0006445,              0.0006445,              0.0006445
                    191,                 1.1048,                0.58228,                 1.0016,                0.94868,                0.92006,                0.97021,                0.67543,                 1.1244,                0.49836,                0.99097,               0.000595,               0.000595,               0.000595
                    192,                 1.1016,                0.58006,                 1.0002,                0.94837,                0.92012,                0.97032,                0.67623,                  1.124,                0.49805,                0.99074,              0.0005455,              0.0005455,              0.0005455
                    193,                 1.0999,                0.58135,                 1.0007,                0.94863,                0.92089,                0.97043,                 0.6761,                 1.1238,                0.49772,                0.99063,               0.000496,               0.000496,               0.000496
                    194,                 1.1004,                0.57925,                0.99978,                0.94833,                0.92089,                0.97059,                0.67626,                 1.1235,                0.49749,                0.99051,              0.0004465,              0.0004465,              0.0004465
                    195,                 1.0985,                0.57985,                0.99828,                0.94906,                0.92048,                0.97064,                0.67661,                 1.1233,                0.49725,                0.99038,               0.000397,               0.000397,               0.000397
                    196,                 1.1009,                0.58126,                 1.0015,                0.94921,                0.92027,                0.97061,                 0.6764,                  1.123,                0.49704,                0.99018,              0.0003475,              0.0003475,              0.0003475
                    197,                 1.0976,                 0.5772,                0.99933,                0.94943,                0.92097,                0.97065,                0.67663,                 1.1228,                0.49677,                0.99012,               0.000298,               0.000298,               0.000298
                    198,                 1.0378,                0.50504,                0.97673,                0.95001,                0.92027,                0.97068,                0.67701,                 1.1218,                 0.4964,                0.98974,              0.0002485,              0.0002485,              0.0002485
                    199,                 1.0223,                0.49426,                0.97065,                0.95089,                0.92006,                0.97062,                0.67741,                 1.1209,                0.49595,                0.98933,               0.000199,               0.000199,               0.000199
                    200,                 1.0206,                0.48907,                0.96822,                0.95166,                0.92042,                0.97075,                0.67803,                 1.1199,                0.49544,                0.98897,              0.0001495,              0.0001495,              0.0001495
